Идентификатор,Наименование,Тип компонента,Группа компонента,Объекты воздействия
К.1.1.1,Прошивка (встроенная микропрограмма),К.1 Программное обеспечение,К.1.1 Микропрограммное обеспечение,"О.1 Автоматизированное рабочее место;
О.10 Мобильное устройство;
О.2 Сервер;
О.9 Средства защиты информации;
О.3 Периферийное оборудование;
О.4 Устройство хранения данных;
О.5 Устройство интернета-вещей;
О.6 Активное сетевое оборудование;
О.7 Обеспечивающие системы;
О.8 Телефония (VoIP, GSM)"
К.1.1.2,UEFI/BIOS,К.1 Программное обеспечение,К.1.1 Микропрограммное обеспечение,"О.1 Автоматизированное рабочее место;
О.2 Сервер"
К.1.2.1,Операционная система,К.1 Программное обеспечение,К.1.2 Системное программное обеспечение (ПО),"О.1 Автоматизированное рабочее место;
О.2 Сервер"
К.1.2.2,Мобильная операционная система,К.1 Программное обеспечение,К.1.2 Системное программное обеспечение (ПО),О.10 Мобильное устройство
К.1.2.3,Программная оболочка,К.1 Программное обеспечение,К.1.2 Системное программное обеспечение (ПО),"О.1 Автоматизированное рабочее место;
О.2 Сервер"
К.1.2.4,Драйвер,К.1 Программное обеспечение,К.1.2 Системное программное обеспечение (ПО),"О.1 Автоматизированное рабочее место;
О.10 Мобильное устройство;
О.2 Сервер"
К.1.2.5,Утилита,К.1 Программное обеспечение,К.1.2 Системное программное обеспечение (ПО),Данные уточняются
К.1.2.6,Загрузчик операционной системы,К.1 Программное обеспечение,К.1.2 Системное программное обеспечение (ПО),"О.1 Автоматизированное рабочее место;
О.10 Мобильное устройство;
О.2 Сервер"
К.1.2.7,Гипервизор,К.1 Программное обеспечение,К.1.2 Системное программное обеспечение (ПО),Данные уточняются
К.1.3.1,Системные и сетевые службы,К.1 Программное обеспечение,К.1.3 Сервисное ПО,"О.1 Автоматизированное рабочее место;
О.10 Мобильное устройство;
О.2 Сервер"
К.1.3.2,Терминальный сервер,К.1 Программное обеспечение,К.1.3 Сервисное ПО,Данные уточняются
К.1.3.3,Веб-сервер,К.1 Программное обеспечение,К.1.3 Сервисное ПО,Данные уточняются
К.1.3.4,Система управления содержимым сайта (CMS),К.1 Программное обеспечение,К.1.3 Сервисное ПО,Данные уточняются
К.1.3.5,Файловый сервер,К.1 Программное обеспечение,К.1.3 Сервисное ПО,"О.11 Информация (данные), содержащаяся в системах и сетях"
К.1.3.6,Сервер электронной почты,К.1 Программное обеспечение,К.1.3 Сервисное ПО,"О.11 Информация (данные), содержащаяся в системах и сетях"
К.1.3.7,Сервер видеоконференцсвязи,К.1 Программное обеспечение,К.1.3 Сервисное ПО,Данные уточняются
К.1.3.8,Сервер IP-телефонии,К.1 Программное обеспечение,К.1.3 Сервисное ПО,Данные уточняются
К.1.3.9,DNS-сервер,К.1 Программное обеспечение,К.1.3 Сервисное ПО,Данные уточняются
К.1.3.10,Сервер каталогов,К.1 Программное обеспечение,К.1.3 Сервисное ПО,Данные уточняются
К.1.3.11,Система распределенного реестра,К.1 Программное обеспечение,К.1.3 Сервисное ПО,Данные уточняются
К.1.4.1,ПО для разработки кода,К.1 Программное обеспечение,К.1.4 Инструментальное ПО,Данные уточняются
К.1.4.2,Средства тестирования и отладки,К.1 Программное обеспечение,К.1.4 Инструментальное ПО,Данные уточняются
К.1.5.1,Клиент электронной почты,К.1 Программное обеспечение,К.1.5 Прикладное ПО,Данные уточняются
К.1.5.2,Мессенджер,К.1 Программное обеспечение,К.1.5 Прикладное ПО,Данные уточняются
К.1.5.3,Среда управления контейнеризацией,К.1 Программное обеспечение,К.1.5 Прикладное ПО,Данные уточняются
К.1.5.4,Виртуальная машина,К.1 Программное обеспечение,К.1.5 Прикладное ПО,Данные уточняются
К.1.5.5,Система управления базами данных (СУБД),К.1 Программное обеспечение,К.1.5 Прикладное ПО,"О.11 Информация (данные), содержащаяся в системах и сетях"
К.1.5.6,Мобильное приложение,К.1 Программное обеспечение,К.1.5 Прикладное ПО,О.10 Мобильное устройство
К.1.5.7,Скрипт автоматизации,К.1 Программное обеспечение,К.1.5 Прикладное ПО,Данные уточняются
К.1.5.8,Система мониторинга,К.1 Программное обеспечение,К.1.5 Прикладное ПО,Данные уточняются
К.1.5.9,Клиент системы видеоконференцсвязи,К.1 Программное обеспечение,К.1.5 Прикладное ПО,Данные уточняются
К.1.5.10,Клиент IP-телефонии,К.1 Программное обеспечение,К.1.5 Прикладное ПО,Данные уточняются
К.1.5.11,"Пакет офисного ПО (для работы с текстами, таблицами, презентациями и т.п.)",К.1 Программное обеспечение,К.1.5 Прикладное ПО,О.1 Автоматизированное рабочее место
К.1.5.12,ПО для проектирования и моделирования,К.1 Программное обеспечение,К.1.5 Прикладное ПО,Данные уточняются
К.1.5.13,Система управления предприятием,К.1 Программное обеспечение,К.1.5 Прикладное ПО,Данные уточняются
К.1.5.14,Контейнер,К.1 Программное обеспечение,К.1.5 Прикладное ПО,Данные уточняются
К.1.5.15,Веб-браузер,К.1 Программное обеспечение,К.1.5 Прикладное ПО,"О.1 Автоматизированное рабочее место;
О.10 Мобильное устройство"
К.1.5.16,Оркестратор контейнеров,К.1 Программное обеспечение,К.1.5 Прикладное ПО,Данные уточняются
К.1.6.1,Антивирусные средства,К.1 Программное обеспечение,К.1.6 Программное средство защиты информации,Данные уточняются
К.1.6.2,Агент системы защиты,К.1 Программное обеспечение,К.1.6 Программное средство защиты информации,Данные уточняются
К.1.6.3,Межсетевой экран уровня приложений,К.1 Программное обеспечение,К.1.6 Программное средство защиты информации,Данные уточняются
К.1.6.4,ПО системы резервного копирования,К.1 Программное обеспечение,К.1.6 Программное средство защиты информации,Данные уточняются
К.1.6.5,Средства разграничения и управления доступом,К.1 Программное обеспечение,К.1.6 Программное средство защиты информации,Данные уточняются
К.1.6.6,Средства анализа защищенности,К.1 Программное обеспечение,К.1.6 Программное средство защиты информации,Данные уточняются
К.1.6.7,Другие средства защиты информации,К.1 Программное обеспечение,К.1.6 Программное средство защиты информации,Данные уточняются
К.1.7.1,Веб-сайт,К.1 Программное обеспечение,К.1.7 Веб-приложение,Данные уточняются
К.1.7.2,Веб-клиент,К.1 Программное обеспечение,К.1.7 Веб-приложение,Данные уточняются
К.1.7.3,Веб-интерфейс администрирования,К.1 Программное обеспечение,К.1.7 Веб-приложение,Данные уточняются
К.1.7.4,Другие примеры веб-приложений,К.1 Программное обеспечение,К.1.7 Веб-приложение,Данные уточняются
К.2.1.1,Принтер,К.2 Программно-аппаратные средства,К.2.1 Периферийное оборудование,Данные уточняются
К.2.1.2,Монитор,К.2 Программно-аппаратные средства,К.2.1 Периферийное оборудование,О.1 Автоматизированное рабочее место
К.2.1.3,Мышь,К.2 Программно-аппаратные средства,К.2.1 Периферийное оборудование,О.1 Автоматизированное рабочее место
К.2.1.4,Клавиатура,К.2 Программно-аппаратные средства,К.2.1 Периферийное оборудование,О.1 Автоматизированное рабочее место
К.2.1.5,Микрофон,К.2 Программно-аппаратные средства,К.2.1 Периферийное оборудование,Данные уточняются
К.2.1.6,Веб-камера,К.2 Программно-аппаратные средства,К.2.1 Периферийное оборудование,Данные уточняются
К.2.1.7,Другие периферийные устройства (IP-камеры и др.),К.2 Программно-аппаратные средства,К.2.1 Периферийное оборудование,Данные уточняются
К.2.2.1,Интерфейс подключения клавиатуры,К.2 Программно-аппаратные средства,К.2.2 Интерфейсы ввода/вывода,О.1 Автоматизированное рабочее место
К.2.2.2,Интерфейс подключения мыши,К.2 Программно-аппаратные средства,К.2.2 Интерфейсы ввода/вывода,О.1 Автоматизированное рабочее место
К.2.2.3,Интерфейс подключения монитора,К.2 Программно-аппаратные средства,К.2.2 Интерфейсы ввода/вывода,О.1 Автоматизированное рабочее место
К.2.2.4,Интерфейс подключения проектора,К.2 Программно-аппаратные средства,К.2.2 Интерфейсы ввода/вывода,О.1 Автоматизированное рабочее место
К.2.2.5,Интерфейс подключения аудиоустройства,К.2 Программно-аппаратные средства,К.2.2 Интерфейсы ввода/вывода,О.1 Автоматизированное рабочее место
К.2.2.6,Интерфейс подключения принтера/сканнера/МФУ,К.2 Программно-аппаратные средства,К.2.2 Интерфейсы ввода/вывода,О.1 Автоматизированное рабочее место
К.2.2.7,Датчики,К.2 Программно-аппаратные средства,К.2.2 Интерфейсы ввода/вывода,Данные уточняются
К.2.2.8,Сетевой интерфейс,К.2 Программно-аппаратные средства,К.2.2 Интерфейсы ввода/вывода,"О.1 Автоматизированное рабочее место;
О.2 Сервер;
О.6 Активное сетевое оборудование"
К.2.3.1,Система хранения данных,К.2 Программно-аппаратные средства,К.2.3 Устройство хранения данных,Данные уточняются
К.2.3.2,Съемный машинный носитель информации,К.2 Программно-аппаратные средства,К.2.3 Устройство хранения данных,Данные уточняются
К.2.4.1,Система доверенной загрузки,К.2 Программно-аппаратные средства,К.2.4 Программно-аппаратное средство защиты информации,Данные уточняются
К.2.4.2,Криптошлюз,К.2 Программно-аппаратные средства,К.2.4 Программно-аппаратное средство защиты информации,Данные уточняются
К.2.4.3,Межсетевой экран,К.2 Программно-аппаратные средства,К.2.4 Программно-аппаратное средство защиты информации,Данные уточняются
К.2.4.4,Средство обнаружения (предотвращения) вторжений,К.2 Программно-аппаратные средства,К.2.4 Программно-аппаратное средство защиты информации,Данные уточняются
К.2.4.5,Другие средства защиты информации,К.2 Программно-аппаратные средства,К.2.4 Программно-аппаратное средство защиты информации,Данные уточняются
К.2.5.1,"Распаянные на плате интерфейсы, которые позволяют подключать внешние (иные) устройства (программаторы, одноплатные компьютеры, печатные платы, управляемые программно-аппаратные устройства и т.п.)",К.2 Программно-аппаратные средства,К.2.5 Интерфейсы сервисного обслуживания устройства,Данные уточняются
К.3.1.1,Проводной канал передачи данных,К.3 Сетевые компоненты,К.3.1 Канал передачи данных,"О.6 Активное сетевое оборудование;
О.12 Физические линии связи"
К.3.1.2,Беспроводной канал передачи данных,К.3 Сетевые компоненты,К.3.1 Канал передачи данных,"О.6 Активное сетевое оборудование;
О.12 Физические линии связи"
К.3.2.1,Протоколы аутентификации,К.3 Сетевые компоненты,К.3.2 Протокол передачи данных,Данные уточняются
К.3.2.2,Протоколы обмена данными,К.3 Сетевые компоненты,К.3.2 Протокол передачи данных,О.6 Активное сетевое оборудование
К.3.2.3,Другие примеры протоколов,К.3 Сетевые компоненты,К.3.2 Протокол передачи данных,Данные уточняются
К.4.1.1,Администратор,К.4 Пользователи,К.4.1 Привилегированные пользователи,"О.1 Автоматизированное рабочее место;
О.2 Сервер;
О.11 Информация (данные), содержащаяся в системах и сетях"
К.4.1.2,Разработчик,К.4 Пользователи,К.4.1 Привилегированные пользователи,"О.1 Автоматизированное рабочее место;
О.11 Информация (данные), содержащаяся в системах и сетях"
К.4.1.3,Тестировщик,К.4 Пользователи,К.4.1 Привилегированные пользователи,"О.1 Автоматизированное рабочее место;
О.10 Мобильное устройство;
О.11 Информация (данные), содержащаяся в системах и сетях"
К.4.1.4,Модератор,К.4 Пользователи,К.4.1 Привилегированные пользователи,"О.11 Информация (данные), содержащаяся в системах и сетях"
К.4.1.5,Сотрудник технической поддержки,К.4 Пользователи,К.4.1 Привилегированные пользователи,"О.11 Информация (данные), содержащаяся в системах и сетях"
К.4.2.1,Непривилегированный сотрудник,К.4 Пользователи,К.4.2 Непривилегированные пользователи,"О.1 Автоматизированное рабочее место;
О.10 Мобильное устройство;
О.11 Информация (данные), содержащаяся в системах и сетях"
К.4.2.2,Клиент организации,К.4 Пользователи,К.4.2 Непривилегированные пользователи,Данные уточняются
