Идентификатор,Наименование,Описание,Ущерб
Н.1,Угроза жизни или здоровью.,Данные уточняются,Ущерб физическому лицу
Н.2,Нарушение неприкосновенности частной жизни.,Данные уточняются,Ущерб физическому лицу
Н.3,"Нарушение личной, семейной тайны, утрата чести и доброго имени.",Данные уточняются,Ущерб физическому лицу
Н.4,"Нарушение тайны переписки, телефонных переговоров, иных сообщений.",Данные уточняются,Ущерб физическому лицу
Н.5,"Нарушение иных прав и свобод гражданина, закрепленные в Конституции Российской Федерации и федеральных законах.",Данные уточняются,Ущерб физическому лицу
Н.6,"Финансовый, иной материальный ущерб физического лица.",Данные уточняются,Ущерб физическому лицу
Н.7,Нарушение конфиденциальности (утечка) персональных данных.,Данные уточняются,Ущерб физическому лицу
Н.8,Разглашение персональных данных граждан.,Данные уточняются,Ущерб физическому лицу
Н.9,Нарушение законодательства Российской Федерации.,Данные уточняются,"Риски юридическому лицу, индивидуальному предпринимателю, связанный с хозяйственной деятельностью"
Н.10,Потеря (хищение) денежных средств.,Данные уточняются,"Риски юридическому лицу, индивидуальному предпринимателю, связанный с хозяйственной деятельностью"
Н.11,Недополучение ожидаемой (прогнозируемой) прибыли.,Данные уточняются,"Риски юридическому лицу, индивидуальному предпринимателю, связанный с хозяйственной деятельностью"
Н.12,Необходимость дополнительных (незапланированных) затрат на выплаты штрафов (неустоек) или компенсаций.,Данные уточняются,"Риски юридическому лицу, индивидуальному предпринимателю, связанный с хозяйственной деятельностью"
Н.13,"Необходимость дополнительных (незапланированных) затрат на закупку товаров, работ или услуг (в том числе закупка программного обеспечения, технических средств, вышедших из строя, замена, настройка, ремонт указанных средств).",Данные уточняются,"Риски юридическому лицу, индивидуальному предпринимателю, связанный с хозяйственной деятельностью"
Н.14,Нарушение штатного режима функционирования автоматизированной системы управления и управляемого объекта и/или процесса.,Данные уточняются,"Риски юридическому лицу, индивидуальному предпринимателю, связанный с хозяйственной деятельностью"
Н.15,Срыв запланированной сделки с партнером.,Данные уточняются,"Риски юридическому лицу, индивидуальному предпринимателю, связанный с хозяйственной деятельностью"
Н.16,Необходимость дополнительных (незапланированных) затрат на восстановление деятельности.,Данные уточняются,"Риски юридическому лицу, индивидуальному предпринимателю, связанный с хозяйственной деятельностью"
Н.17,"Потеря клиентов, поставщиков.",Данные уточняются,"Риски юридическому лицу, индивидуальному предпринимателю, связанный с хозяйственной деятельностью"
Н.18,Потеря конкурентного преимущества.,Данные уточняются,"Риски юридическому лицу, индивидуальному предпринимателю, связанный с хозяйственной деятельностью"
Н.19,"Невозможность заключения договоров, соглашений.",Данные уточняются,"Риски юридическому лицу, индивидуальному предпринимателю, связанный с хозяйственной деятельностью"
Н.20,Нарушение деловой репутации.,Данные уточняются,"Риски юридическому лицу, индивидуальному предпринимателю, связанный с хозяйственной деятельностью"
Н.21,Дискредитация работников.,Данные уточняются,"Риски юридическому лицу, индивидуальному предпринимателю, связанный с хозяйственной деятельностью"
Н.22,Утрата доверия.,Данные уточняются,"Риски юридическому лицу, индивидуальному предпринимателю, связанный с хозяйственной деятельностью"
Н.23,Причинение имущественного ущерба.,Данные уточняются,"Риски юридическому лицу, индивидуальному предпринимателю, связанный с хозяйственной деятельностью"
Н.24,Неспособность выполнения договорных обязательств.,Данные уточняются,"Риски юридическому лицу, индивидуальному предпринимателю, связанный с хозяйственной деятельностью"
Н.25,Невозможность решения задач (реализации функций) или снижение эффективности решения задач (реализации функций).,Данные уточняются,"Риски юридическому лицу, индивидуальному предпринимателю, связанный с хозяйственной деятельностью"
Н.26,Простой информационной системы или сети.,Данные уточняются,"Риски юридическому лицу, индивидуальному предпринимателю, связанный с хозяйственной деятельностью"
Н.27,Публикация недостоверной информации на веб-ресурсах организации.,Данные уточняются,"Риски юридическому лицу, индивидуальному предпринимателю, связанный с хозяйственной деятельностью"
Н.28,Использование веб-ресурсов для распространения и управления вредоносным программным обеспечением.,Данные уточняются,"Риски юридическому лицу, индивидуальному предпринимателю, связанный с хозяйственной деятельностью"
Н.29,Рассылка информационных сообщений с использованием вычислительных мощностей оператора и (или) от его имени.,Данные уточняются,"Риски юридическому лицу, индивидуальному предпринимателю, связанный с хозяйственной деятельностью"
Н.30,"Утечка конфиденциальной информации (коммерческой тайны, секретов производства (ноу-хау) и др.).",Данные уточняются,"Риски юридическому лицу, индивидуальному предпринимателю, связанный с хозяйственной деятельностью"
Н.31,Причинение ущерба жизни и здоровью людей.,Данные уточняются,"Ущерб государству в области обеспечения обороны страны, безопасности государства и правопорядка, а также в социальной, экономической, политической, экологической сферах деятельности"
Н.32,Прекращение или нарушение функционирования объектов обеспечения жизнедеятельности населения.,Данные уточняются,"Ущерб государству в области обеспечения обороны страны, безопасности государства и правопорядка, а также в социальной, экономической, политической, экологической сферах деятельности"
Н.33,Прекращение или нарушение функционирования объектов транспортной инфраструктуры.,Данные уточняются,"Ущерб государству в области обеспечения обороны страны, безопасности государства и правопорядка, а также в социальной, экономической, политической, экологической сферах деятельности"
Н.34,Прекращение или нарушение функционирования государственного органа в части невыполнения возложенной на него функции (полномочия).,Данные уточняются,"Ущерб государству в области обеспечения обороны страны, безопасности государства и правопорядка, а также в социальной, экономической, политической, экологической сферах деятельности"
Н.35,Прекращение или нарушение функционирования сети связи.,Данные уточняются,"Ущерб государству в области обеспечения обороны страны, безопасности государства и правопорядка, а также в социальной, экономической, политической, экологической сферах деятельности"
Н.36,Отсутствие доступа к государственной услуге.,Данные уточняются,"Ущерб государству в области обеспечения обороны страны, безопасности государства и правопорядка, а также в социальной, экономической, политической, экологической сферах деятельности"
Н.37,"Нарушение условий международного договора Российской Федерации, срыв переговоров или подписания планируемого к заключению международного договора Российской Федерации.",Данные уточняются,"Ущерб государству в области обеспечения обороны страны, безопасности государства и правопорядка, а также в социальной, экономической, политической, экологической сферах деятельности"
Н.38,"Снижение уровня дохода государственной корпорации, государственной организации или организации с государственным участием.",Данные уточняются,"Ущерб государству в области обеспечения обороны страны, безопасности государства и правопорядка, а также в социальной, экономической, политической, экологической сферах деятельности"
Н.39,Возникновение ущерба бюджетам Российской Федерации.,Данные уточняются,"Ущерб государству в области обеспечения обороны страны, безопасности государства и правопорядка, а также в социальной, экономической, политической, экологической сферах деятельности"
Н.40,"Прекращение или нарушение проведения клиентами операций по банковским счетам и (или) без открытия банковского счета или операций в системно значимой кредитной организации, оператором услуг платежной инфраструктуры системно и (или) социально значимых платежных систем, системно значимой инфраструктурной организацией финансового рынка.",Данные уточняются,"Ущерб государству в области обеспечения обороны страны, безопасности государства и правопорядка, а также в социальной, экономической, политической, экологической сферах деятельности"
Н.41,Вредные воздействия на окружающую среду.,Данные уточняются,"Ущерб государству в области обеспечения обороны страны, безопасности государства и правопорядка, а также в социальной, экономической, политической, экологической сферах деятельности"
Н.42,Нарушение законодательства Российской Федерации.,Данные уточняются,"Ущерб государству в области обеспечения обороны страны, безопасности государства и правопорядка, а также в социальной, экономической, политической, экологической сферах деятельности"
Н.43,"Публикация недостоверной социально значимой информации на веб-ресурсах, которая может привести к социальной напряженности, панике среди населения и др.",Данные уточняются,"Ущерб государству в области обеспечения обороны страны, безопасности государства и правопорядка, а также в социальной, экономической, политической, экологической сферах деятельности"
Н.44,"Нарушение штатного режима функционирования автоматизированной системы управления и управляемого объекта и/или процесса, если это ведет к выводу из строя технологических объектов, их компонент.",Данные уточняются,"Ущерб государству в области обеспечения обороны страны, безопасности государства и правопорядка, а также в социальной, экономической, политической, экологической сферах деятельности"
Н.45,"Нарушение общественного правопорядка, возможность потери или снижения уровня контроля за общественным правопорядком.",Данные уточняются,"Ущерб государству в области обеспечения обороны страны, безопасности государства и правопорядка, а также в социальной, экономической, политической, экологической сферах деятельности"
Н.46,Нарушение выборного процесса.,Данные уточняются,"Ущерб государству в области обеспечения обороны страны, безопасности государства и правопорядка, а также в социальной, экономической, политической, экологической сферах деятельности"
Н.47,Увеличение количества жалоб в органы государственной власти или органы местного самоуправления.,Данные уточняются,"Ущерб государству в области обеспечения обороны страны, безопасности государства и правопорядка, а также в социальной, экономической, политической, экологической сферах деятельности"
Н.48,Появление негативных публикаций в общедоступных источниках.,Данные уточняются,"Ущерб государству в области обеспечения обороны страны, безопасности государства и правопорядка, а также в социальной, экономической, политической, экологической сферах деятельности"
Н.49,Доступ к системам и сетям с целью незаконного использования вычислительных мощностей.,Данные уточняются,"Ущерб государству в области обеспечения обороны страны, безопасности государства и правопорядка, а также в социальной, экономической, политической, экологической сферах деятельности"
Н.50,Использование веб-ресурсов государственных органов для распространения и управления вредоносным программным обеспечением.,Данные уточняются,"Ущерб государству в области обеспечения обороны страны, безопасности государства и правопорядка, а также в социальной, экономической, политической, экологической сферах деятельности"
Н.51,Утечка информации ограниченного доступа.,Данные уточняются,"Ущерб государству в области обеспечения обороны страны, безопасности государства и правопорядка, а также в социальной, экономической, политической, экологической сферах деятельности"
Н.52,Непредставление государственных услуг.,Данные уточняются,"Ущерб государству в области обеспечения обороны страны, безопасности государства и правопорядка, а также в социальной, экономической, политической, экологической сферах деятельности"
