Идентификатор,Наименование,Группа мер
АВЗ.0,Регламентация правил и процедур антивирусной защиты,АВЗ Антивирусная защита
АВЗ.1,Реализация антивирусной защиты,АВЗ Антивирусная защита
АВЗ.2,Антивирусная защита электронной почты и иных сервисов,АВЗ Антивирусная защита
АВЗ.3,"Контроль использования архивных, исполняемых и зашифрованных файлов",АВЗ Антивирусная защита
АВЗ.4,Обновление базы данных признаков вредоносных компьютерных программ (вирусов),АВЗ Антивирусная защита
АВЗ.5,Использование средств антивирусной защиты различных производителей,АВЗ Антивирусная защита
АУД.0,Регламентация правил и процедур аудита безопасности,АУД Аудит безопасности
АУД.1,Инвентаризация информационных ресурсов,АУД Аудит безопасности
АУД.2,Анализ уязвимостей и их устранение,АУД Аудит безопасности
АУД.3,Генерирование временных меток и (или) синхронизация системного времени,АУД Аудит безопасности
АУД.4,Регистрация событий безопасности,АУД Аудит безопасности
АУД.5,Контроль и анализ сетевого трафика,АУД Аудит безопасности
АУД.6,Защита информации о событиях безопасности,АУД Аудит безопасности
АУД.7,Мониторинг безопасности,АУД Аудит безопасности
АУД.8,Реагирование на сбои при регистрации событий безопасности,АУД Аудит безопасности
АУД.9,Анализ действий отдельных пользователей,АУД Аудит безопасности
АУД.10,Проведение внутренних аудитов,АУД Аудит безопасности
АУД.11,Проведение внешних аудитов,АУД Аудит безопасности
ДНС.0,Регламентация правил и процедур обеспечения действий в нештатных ситуациях,ДНС Обеспечение действий в нештатных ситуациях
ДНС.1,Разработка плана действий в нештатных ситуациях,ДНС Обеспечение действий в нештатных ситуациях
ДНС.2,Обучение и отработка действий персонала в нештатных ситуациях,ДНС Обеспечение действий в нештатных ситуациях
ДНС.3,Создание альтернативных мест хранения и обработки информации на случай возникновения нештатных ситуаций,ДНС Обеспечение действий в нештатных ситуациях
ДНС.4,"Резервирование программного обеспечения, технических средств, каналов связи на случай возникновения нештатных ситуаций",ДНС Обеспечение действий в нештатных ситуациях
ДНС.5,Обеспечение возможности восстановления информационной (автоматизированной) системы в случае возникновения нештатных ситуаций,ДНС Обеспечение действий в нештатных ситуациях
ДНС.6,Анализ возникших нештатных ситуаций и принятие мер по недопущению их повторного возникновения,ДНС Обеспечение действий в нештатных ситуациях
ЗИС.0,Регламентация правил и процедур защиты информационной (автоматизированной) системы и ее компонентов,ЗИС Защита информационной (автоматизированной) системы и ее компонентов
ЗИС.1,Разделение функций по управлению (администрированию) информационной (автоматизированной) системой с иными функциями,ЗИС Защита информационной (автоматизированной) системы и ее компонентов
ЗИС.2,Защита периметра информационной (автоматизированной) системы,ЗИС Защита информационной (автоматизированной) системы и ее компонентов
ЗИС.3,Эшелонированная защита информационной (автоматизированной) системы,ЗИС Защита информационной (автоматизированной) системы и ее компонентов
ЗИС.4,Сегментирование информационной (автоматизированной) системы,ЗИС Защита информационной (автоматизированной) системы и ее компонентов
ЗИС.5,Организация демилитаризованной зоны,ЗИС Защита информационной (автоматизированной) системы и ее компонентов
ЗИС.6,Управление сетевыми потоками,ЗИС Защита информационной (автоматизированной) системы и ее компонентов
ЗИС.7,"Использование эмулятора среды функционирования программного обеспечения (\\""песочница\\"")",ЗИС Защита информационной (автоматизированной) системы и ее компонентов
ЗИС.8,Сокрытие архитектуры и конфигурации информационной (автоматизированной) системы,ЗИС Защита информационной (автоматизированной) системы и ее компонентов
ЗИС.9,Создание гетерогенной среды,ЗИС Защита информационной (автоматизированной) системы и ее компонентов
ЗИС.10,"Использование программного обеспечения, функционирующего в средах различных операционных систем",ЗИС Защита информационной (автоматизированной) системы и ее компонентов
ЗИС.11,Предотвращение задержки или прерывания выполнения процессов с высоким приоритетом со стороны процессов с низким приоритетом,ЗИС Защита информационной (автоматизированной) системы и ее компонентов
ЗИС.12,Изоляция процессов (выполнение программ) в выделенной области памяти,ЗИС Защита информационной (автоматизированной) системы и ее компонентов
ЗИС.13,Защита неизменяемых данных,ЗИС Защита информационной (автоматизированной) системы и ее компонентов
ЗИС.14,Использование неперезаписываемых машинных носителей информации,ЗИС Защита информационной (автоматизированной) системы и ее компонентов
ЗИС.15,Реализация электронного почтового обмена с внешними сетями через ограниченное количество контролируемых точек,ЗИС Защита информационной (автоматизированной) системы и ее компонентов
ЗИС.16,Защита от спама,ЗИС Защита информационной (автоматизированной) системы и ее компонентов
ЗИС.17,Защита информации от утечек,ЗИС Защита информационной (автоматизированной) системы и ее компонентов
ЗИС.18,"Блокировка доступа к сайтам или типам сайтов, запрещенных к использованию",ЗИС Защита информационной (автоматизированной) системы и ее компонентов
ЗИС.19,Защита информации при ее передаче по каналам связи,ЗИС Защита информационной (автоматизированной) системы и ее компонентов
ЗИС.20,"Обеспечение доверенных канала, маршрута",ЗИС Защита информационной (автоматизированной) системы и ее компонентов
ЗИС.21,Запрет несанкционированной удаленной активации периферийных устройств,ЗИС Защита информационной (автоматизированной) системы и ее компонентов
ЗИС.22,Управление атрибутами безопасности при взаимодействии с иными информационными (автоматизированными) системами,ЗИС Защита информационной (автоматизированной) системы и ее компонентов
ЗИС.23,Контроль использования мобильного кода,ЗИС Защита информационной (автоматизированной) системы и ее компонентов
ЗИС.24,Контроль передачи речевой информации,ЗИС Защита информационной (автоматизированной) системы и ее компонентов
ЗИС.25,Контроль передачи видеоинформации,ЗИС Защита информационной (автоматизированной) системы и ее компонентов
ЗИС.26,Подтверждение происхождения источника информации,ЗИС Защита информационной (автоматизированной) системы и ее компонентов
ЗИС.27,Обеспечение подлинности сетевых соединений,ЗИС Защита информационной (автоматизированной) системы и ее компонентов
ЗИС.28,Исключение возможности отрицания отправки информации,ЗИС Защита информационной (автоматизированной) системы и ее компонентов
ЗИС.29,Исключение возможности отрицания получения информации,ЗИС Защита информационной (автоматизированной) системы и ее компонентов
ЗИС.30,Использование устройств терминального доступа,ЗИС Защита информационной (автоматизированной) системы и ее компонентов
ЗИС.31,Защита от скрытых каналов передачи информации,ЗИС Защита информационной (автоматизированной) системы и ее компонентов
ЗИС.32,Защита беспроводных соединений,ЗИС Защита информационной (автоматизированной) системы и ее компонентов
ЗИС.33,Исключение доступа через общие ресурсы,ЗИС Защита информационной (автоматизированной) системы и ее компонентов
ЗИС.34,"Защита от угроз отказа в обслуживании (DOS, DDOS-атак)",ЗИС Защита информационной (автоматизированной) системы и ее компонентов
ЗИС.35,Управление сетевыми соединениями,ЗИС Защита информационной (автоматизированной) системы и ее компонентов
ЗИС.36,Создание (эмуляция) ложных компонентов информационных (автоматизированных) систем,ЗИС Защита информационной (автоматизированной) системы и ее компонентов
ЗИС.37,Перевод информационной (автоматизированной) системы в безопасное состояние при возникновении отказов (сбоев),ЗИС Защита информационной (автоматизированной) системы и ее компонентов
ЗИС.38,Защита информации при использовании мобильных устройств,ЗИС Защита информационной (автоматизированной) системы и ее компонентов
ЗИС.39,Управление перемещением виртуальных машин (контейнеров) и обрабатываемых на них данных,ЗИС Защита информационной (автоматизированной) системы и ее компонентов
ЗНИ.0,Регламентация правил и процедур защиты машинных носителей информации,ЗНИ Защита машинных носителей информации
ЗНИ.1,Учет машинных носителей информации,ЗНИ Защита машинных носителей информации
ЗНИ.2,Управление физическим доступом к машинным носителям информации,ЗНИ Защита машинных носителей информации
ЗНИ.3,Контроль перемещения машинных носителей информации за пределы контролируемой зоны,ЗНИ Защита машинных носителей информации
ЗНИ.4,Исключение возможности несанкционированного чтения информации на машинных носителях информации,ЗНИ Защита машинных носителей информации
ЗНИ.5,Контроль использования интерфейсов ввода (вывода) информации на съемные машинные носители информации,ЗНИ Защита машинных носителей информации
ЗНИ.6,Контроль ввода (вывода) информации на съемные машинные носители информации,ЗНИ Защита машинных носителей информации
ЗНИ.7,Контроль подключения съемных машинных носителей информации,ЗНИ Защита машинных носителей информации
ЗНИ.8,Уничтожение (стирание) информации на машинных носителях информации,ЗНИ Защита машинных носителей информации
ЗТС.0,Регламентация правил и процедур защиты технических средств и систем,ЗТС Защита технических средств и систем
ЗТС.1,Защита информации от утечки по техническим каналам,ЗТС Защита технических средств и систем
ЗТС.2,Организация контролируемой зоны,ЗТС Защита технических средств и систем
ЗТС.3,Управление физическим доступом,ЗТС Защита технических средств и систем
ЗТС.4,"Размещение устройств вывода (отображения) информации, исключающее ее несанкционированный просмотр",ЗТС Защита технических средств и систем
ЗТС.5,Защита от внешних воздействий,ЗТС Защита технических средств и систем
ЗТС.6,Маркирование аппаратных компонентов системы относительно разрешенной к обработке информации,ЗТС Защита технических средств и систем
ИАФ.0,Регламентация правил и процедур идентификации и аутентификации,ИАФ Идентификация и аутентификация
ИАФ.1,Идентификация и аутентификация пользователей и инициируемых ими процессов,ИАФ Идентификация и аутентификация
ИАФ.2,Идентификация и аутентификация устройств,ИАФ Идентификация и аутентификация
ИАФ.3,Управление идентификаторами,ИАФ Идентификация и аутентификация
ИАФ.4,Управление средствами аутентификации,ИАФ Идентификация и аутентификация
ИАФ.5,Идентификация и аутентификация внешних пользователей,ИАФ Идентификация и аутентификация
ИАФ.6,Двусторонняя аутентификация,ИАФ Идентификация и аутентификация
ИАФ.7,Защита аутентификационной информации при передаче,ИАФ Идентификация и аутентификация
ИНЦ.0,Регламентация правил и процедур реагирования на компьютерные инциденты,ИНЦ Реагирование на компьютерные инциденты
ИНЦ.1,Выявление компьютерных инцидентов,ИНЦ Реагирование на компьютерные инциденты
ИНЦ.2,Информирование о компьютерных инцидентах,ИНЦ Реагирование на компьютерные инциденты
ИНЦ.3,Анализ компьютерных инцидентов,ИНЦ Реагирование на компьютерные инциденты
ИНЦ.4,Устранение последствий компьютерных инцидентов,ИНЦ Реагирование на компьютерные инциденты
ИНЦ.5,Принятие мер по предотвращению повторного возникновения компьютерных инцидентов,ИНЦ Реагирование на компьютерные инциденты
ИНЦ.6,Хранение и защита информации о компьютерных инцидентах,ИНЦ Реагирование на компьютерные инциденты
ИПО.0,Регламентация правил и процедур информирования и обучения персонала,ИПО Информирование и обучение персонала
ИПО.1,Информирование персонала об угрозах безопасности информации и о правилах безопасной работы,ИПО Информирование и обучение персонала
ИПО.2,Обучение персонала правилам безопасной работы,ИПО Информирование и обучение персонала
ИПО.3,Проведение практических занятий с персоналом по правилам безопасной работы,ИПО Информирование и обучение персонала
ИПО.4,Контроль осведомленности персонала об угрозах безопасности информации и о правилах безопасной работы,ИПО Информирование и обучение персонала
ОДТ.0,Регламентация правил и процедур обеспечения доступности,ОДТ Обеспечение доступности
ОДТ.1,Использование отказоустойчивых технических средств,ОДТ Обеспечение доступности
ОДТ.2,Резервирование средств и систем,ОДТ Обеспечение доступности
ОДТ.3,Контроль безотказного функционирования средств и систем,ОДТ Обеспечение доступности
ОДТ.4,Резервное копирование информации,ОДТ Обеспечение доступности
ОДТ.5,Обеспечение возможности восстановления информации,ОДТ Обеспечение доступности
ОДТ.6,Обеспечение возможности восстановления программного обеспечения при нештатных ситуациях,ОДТ Обеспечение доступности
ОДТ.7,Кластеризация информационной (автоматизированной) системы,ОДТ Обеспечение доступности
ОДТ.8,Контроль предоставляемых вычислительных ресурсов и каналов связи,ОДТ Обеспечение доступности
ОПО.0,Регламентация правил и процедур управления обновлениями программного обеспечения,ОПО Управление обновлениями программного обеспечения
ОПО.1,"Поиск, получение обновлений программного обеспечения от доверенного источника",ОПО Управление обновлениями программного обеспечения
ОПО.2,Контроль целостности обновлений программного обеспечения,ОПО Управление обновлениями программного обеспечения
ОПО.3,Тестирование обновлений программного обеспечения,ОПО Управление обновлениями программного обеспечения
ОПО.4,Установка обновлений программного обеспечения,ОПО Управление обновлениями программного обеспечения
ОПС.0,Регламентация правил и процедур ограничения программной среды,ОПС Ограничение программной среды
ОПС.1,Управление запуском (обращениями) компонентов программного обеспечения,ОПС Ограничение программной среды
ОПС.2,Управление установкой (инсталляцией) компонентов программного обеспечения,ОПС Ограничение программной среды
ОПС.3,Управление временными файлами,ОПС Ограничение программной среды
ОЦЛ.0,Регламентация правил и процедур обеспечения целостности,ОЦЛ Обеспечение целостности
ОЦЛ.1,Контроль целостности программного обеспечения,ОЦЛ Обеспечение целостности
ОЦЛ.2,Контроль целостности информации,ОЦЛ Обеспечение целостности
ОЦЛ.3,Ограничения по вводу информации в информационную (автоматизированную) систему,ОЦЛ Обеспечение целостности
ОЦЛ.4,"Контроль данных, вводимых в информационную (автоматизированную) систему",ОЦЛ Обеспечение целостности
ОЦЛ.5,Контроль ошибочных действий пользователей по вводу и (или) передаче информации и предупреждение пользователей об ошибочных действиях,ОЦЛ Обеспечение целостности
ОЦЛ.6,Обезличивание и (или) деидентификация информации,ОЦЛ Обеспечение целостности
ПЛН.0,Регламентация правил и процедур планирования мероприятий по обеспечению защиты информации,ПЛН Планирование мероприятий по обеспечению безопасности
ПЛН.1,"Разработка, утверждение и актуализация плана мероприятий по обеспечению защиты информации",ПЛН Планирование мероприятий по обеспечению безопасности
ПЛН.2,Контроль выполнения мероприятий по обеспечению защиты информации,ПЛН Планирование мероприятий по обеспечению безопасности
СОВ.0,Регламентация правил и процедур предотвращения вторжений (компьютерных атак),СОВ Предотвращение вторжений (компьютерных атак)
СОВ.1,Обнаружение и предотвращение компьютерных атак,СОВ Предотвращение вторжений (компьютерных атак)
СОВ.2,Обновление базы решающих правил,СОВ Предотвращение вторжений (компьютерных атак)
УКФ.0,Регламентация правил и процедур управления конфигурацией информационной (автоматизированной) системы,УКФ Управление конфигурацией
УКФ.1,Идентификация объектов управления конфигурацией,УКФ Управление конфигурацией
УКФ.2,Управление изменениями,УКФ Управление конфигурацией
УКФ.3,Установка (инсталляция) только разрешенного к использованию программного обеспечения,УКФ Управление конфигурацией
УКФ.4,Контроль действий по внесению изменений,УКФ Управление конфигурацией
УПД.0,Регламентация правил и процедур управления доступом,УПД Управление доступом
УПД.1,Управление учетными записями пользователей,УПД Управление доступом
УПД.2,Реализация модели управления доступом,УПД Управление доступом
УПД.3,Доверенная загрузка,УПД Управление доступом
УПД.4,Разделение полномочий (ролей) пользователей,УПД Управление доступом
УПД.5,Назначение минимально необходимых прав и привилегий,УПД Управление доступом
УПД.6,Ограничение неуспешных попыток доступа в информационную (автоматизированную) систему,УПД Управление доступом
УПД.7,Предупреждение пользователя при его доступе к информационным ресурсам,УПД Управление доступом
УПД.8,Оповещение пользователя при успешном входе о предыдущем доступе к информационной (автоматизированной) системе,УПД Управление доступом
УПД.9,Ограничение числа параллельных сеансов доступа,УПД Управление доступом
УПД.10,Блокирование сеанса доступа пользователя при неактивности,УПД Управление доступом
УПД.11,Управление действиями пользователей до идентификации и аутентификации,УПД Управление доступом
УПД.12,Управление атрибутами безопасности,УПД Управление доступом
УПД.13,Реализация защищенного удаленного доступа,УПД Управление доступом
УПД.14,Контроль доступа из внешних информационных (автоматизированных) систем,УПД Управление доступом
